Name,Team,Position,Cost,Creativity,Influence,Threat,ICT,Goals_conceded,Goals_scored,Assists,Own_goals,Penalties_missed,Penalties_saved,Saves,Yellow_cards,Red_cards,TSB,Minutes,Bonus,Points
Abraham,CHE,FWD,54,0.0,0.0,0.0,0.0,0,0,0,0,0,0,0,0,0,0.1,0,0,0
Adam Smith,BOU,DEF,45,28.5,100.6,35.0,16.4,8,1,0,0,0,0,0,0,1,0.8,486,0,16
Adrian,WHU,GKP,44,0.0,0.0,0.0,0.0,0,0,0,0,0,0,0,0,0,0.4,0,0,0
Aguero,MCI,FWD,114,167.8,202.6,408.0,77.9,3,4,4,0,0,0,0,0,0,52.3,446,4,43
Ake,BOU,DEF,50,7.6,148.8,66.0,22.2,11,1,0,0,0,0,0,0,0,4.5,540,3,20
Albrighton,LEI,MID,53,58.0,75.2,36.0,17.0,3,1,1,0,0,0,0,0,0,0.6,184,0,14
Alderweireld,TOT,DEF,59,22.4,105.0,22.0,14.9,6,0,0,0,0,0,0,0,0,2.6,440,0,12
Alexander-Arnold,LIV,DEF,51,73.0,96.2,60.0,22.9,1,0,1,0,0,0,0,3,0,19.4,535,2,34
Alisson,LIV,GKP,56,0.0,102.2,0.0,10.1,2,0,0,0,0,0,13,0,0,18.9,540,1,30
Alli,TOT,MID,90,48.1,111.4,192.0,35.2,5,1,1,0,0,0,0,0,0,3.9,361,2,20
Alonso,CHE,DEF,69,131.3,153.4,117.0,40.3,4,1,5,0,0,0,0,1,0,45.0,540,9,52
Amartey,LEI,MID,45,18.3,64.8,11.0,9.5,3,0,0,0,0,0,0,1,0,0.3,279,0,7
Amos,TOT,MID,44,0.1,2.2,0.0,0.2,0,0,0,0,0,0,0,0,0,0.1,2,0,1
Ampadu,CHE,MID,44,0.0,0.0,0.0,0.0,0,0,0,0,0,0,0,0,0,0.1,0,0,0
Andone,BHA,FWD,50,0.0,0.0,0.0,0.0,0,0,0,0,0,0,0,0,0,0.0,0,0,0
Andre Gomes,EVE,MID,54,0.0,0.0,0.0,0.0,0,0,0,0,0,0,0,0,0,0.1,0,0,0
Antonio,WHU,MID,68,54.8,37.0,206.0,29.8,5,0,0,0,0,0,0,1,0,1.0,316,0,10
Armstrong,SOU,MID,52,41.2,13.8,6.0,6.1,1,0,0,0,0,0,0,0,0,0.1,100,0,4
Arnautovic,WHU,FWD,69,68.6,134.6,178.0,37.7,8,3,1,0,0,0,0,0,0,13.5,367,5,29
Arter,CAR,MID,49,22.7,42.0,25.0,9.0,10,0,0,0,0,0,0,3,0,0.2,405,0,8
Atsu,NEW,MID,53,16.2,16.4,8.0,4.0,0,0,0,0,0,0,0,0,0,0.1,74,0,3
Aubameyang,ARS,FWD,108,98.3,99.6,133.0,33.1,8,2,1,0,0,0,0,0,0,11.2,478,3,26
Aurier,TOT,DEF,58,21.1,32.8,4.0,5.8,1,0,1,0,0,0,0,0,0,0.7,104,0,6
Austin,SOU,FWD,56,23.3,23.8,98.0,14.5,3,0,0,0,1,0,0,0,0,0.5,188,0,4
Ayew,CRY,FWD,59,36.4,25.6,101.0,16.3,1,0,1,0,0,0,0,0,0,0.3,235,0,9
Ayite,FUL,MID,44,2.6,5.0,7.0,1.2,0,0,0,0,0,0,0,0,0,0.1,66,0,2
Azpilicueta,CHE,DEF,64,147.0,143.2,35.0,32.5,4,0,1,0,0,0,0,0,0,11.2,540,0,26
Bacuna,HUD,MID,44,0.0,0.0,0.0,0.0,0,0,0,0,0,0,0,0,0,0.1,0,0,0
Bailly,MUN,DEF,52,0.6,33.2,2.0,3.6,4,0,0,0,0,0,0,0,0,2.0,182,0,5
Baines,EVE,DEF,53,74.7,39.8,15.0,13.0,5,0,0,0,0,0,0,0,0,1.0,284,0,5
Bakayoko,CHE,MID,49,0.0,0.0,0.0,0.0,0,0,0,0,0,0,0,0,0,0.1,0,0,0
Balbuena,WHU,DEF,44,12.0,146.2,29.0,18.8,11,0,0,0,0,0,0,1,0,0.3,540,2,13
Baldock,BHA,FWD,45,0.0,0.0,0.0,0.0,0,0,0,0,0,0,0,0,0,0.4,0,0,0
Balogun,BHA,DEF,44,0.3,34.2,2.0,3.6,3,0,0,0,0,0,0,1,0,0.1,160,0,2
Bamba,CAR,DEF,45,2.3,136.4,77.0,21.6,9,1,0,0,0,0,0,0,0,1.3,450,2,22
Baningime,EVE,MID,44,0.0,0.0,0.0,0.0,0,0,0,0,0,0,0,0,0,0.1,0,0,0
Bardsley,BUR,DEF,44,18.9,31.2,1.0,5.1,3,0,0,0,0,0,0,2,0,0.1,180,0,1
Barkley,CHE,MID,58,33.9,21.2,47.0,10.2,3,0,0,0,0,0,0,0,0,0.3,188,0,7
Barnes,BUR,FWD,57,37.9,80.8,78.0,19.6,1,2,0,0,0,0,0,0,0,0.5,149,3,17
Batth,WOL,DEF,40,0.0,0.0,0.0,0.0,0,0,0,0,0,0,0,0,0,1.1,0,0,0
Bednarek,SOU,DEF,39,0.3,4.4,0.0,0.5,0,0,0,0,0,0,0,0,0,3.9,35,0,1
Begovic,BOU,GKP,45,0.0,117.0,0.0,11.8,11,0,0,0,0,0,16,0,0,4.6,540,0,14
Bellerin,ARS,DEF,54,73.5,107.0,77.0,25.8,9,0,1,0,0,0,0,1,0,10.3,540,0,15
Benalouane,LEI,DEF,39,0.0,0.0,0.0,0.0,0,0,0,0,0,0,0,0,0,1.0,0,0,0
Benkovic,LEI,DEF,50,0.0,0.0,0.0,0.0,0,0,0,0,0,0,0,0,0,0.0,0,0,0
Bennett,CAR,DEF,45,40.8,94.0,0.0,13.5,9,0,1,0,0,0,0,0,0,0.8,450,2,19
Bennett,WOL,DEF,41,39.9,114.4,4.0,15.7,6,0,0,0,0,0,0,1,0,10.7,540,0,17
Benteke,CRY,FWD,64,50.7,14.2,170.0,23.3,5,0,0,0,0,0,0,0,0,0.6,325,0,8
Bernard,EVE,MID,59,27.7,20.0,2.0,5.0,1,0,0,0,0,0,0,1,0,0.1,69,0,2
Bernardo,BHA,DEF,43,1.8,18.0,0.0,2.0,2,0,0,0,0,0,0,1,0,0.1,90,0,0
Bernardo Silva,MCI,MID,75,167.3,144.6,185.0,49.7,2,2,1,0,0,0,0,0,0,8.5,453,3,30
Bertrand,SOU,DEF,50,111.2,104.0,47.0,26.2,9,1,0,0,0,0,0,1,0,5.5,540,1,22
Bettinelli,FUL,GKP,44,0.0,137.6,0.0,13.7,8,0,0,0,0,1,14,1,0,0.6,360,0,13
Billing,HUD,MID,45,69.1,154.6,81.0,30.6,14,1,0,0,0,0,0,2,0,2.7,540,3,19
Bissouma,BHA,MID,49,22.7,17.8,27.0,6.6,6,0,0,0,0,0,0,1,0,0.0,292,0,7
Blind,MUN,DEF,50,0.0,0.0,0.0,0.0,0,0,0,0,0,0,0,0,0,0.0,0,0,0
Bogle,CAR,FWD,45,0.0,0.0,0.0,0.0,0,0,0,0,0,0,0,0,0,0.2,0,0,0
Bolasie,EVE,MID,58,0.0,0.0,0.0,0.0,0,0,0,0,0,0,0,0,0,0.1,0,0,0
Boly,WOL,DEF,46,20.5,179.8,54.0,25.4,6,1,0,0,0,0,0,0,0,4.6,540,3,27
Bonatini,WOL,FWD,49,18.0,21.8,84.0,11.4,0,0,1,0,0,0,0,0,0,0.6,96,0,7
Bong,BHA,DEF,45,25.4,56.4,0.0,8.1,11,0,0,0,0,0,0,0,0,0.2,514,0,7
Boruc,BOU,GKP,40,0.0,0.0,0.0,0.0,0,0,0,0,0,0,0,0,0,6.5,0,0,0
Boufal,SOU,MID,55,0.0,0.0,0.0,0.0,0,0,0,0,0,0,0,0,0,0.0,0,0,0
Brady,BUR,MID,54,0.0,0.0,0.0,0.0,0,0,0,0,0,0,0,0,0,0.0,0,0,0
Bravo,MCI,GKP,49,0.0,0.0,0.0,0.0,0,0,0,0,0,0,0,0,0,0.1,0,0,0
Brian Murphy,CAR,GKP,40,0.0,0.0,0.0,0.0,0,0,0,0,0,0,0,0,0,0.1,0,0,0
Britos,WAT,DEF,44,0.0,0.0,0.0,0.0,0,0,0,0,0,0,0,0,0,0.0,0,0,0
Brooks,BOU,MID,50,79.5,40.0,145.0,26.5,6,0,0,0,0,0,0,0,0,0.1,364,0,12
Browning,EVE,DEF,40,0.0,0.0,0.0,0.0,0,0,0,0,0,0,0,0,0,0.0,0,0,0
Bruno,BHA,DEF,44,14.6,6.4,0.0,2.1,0,0,0,0,0,0,0,0,0,0.1,25,0,1
Bryan,FUL,DEF,49,69.0,49.6,15.0,13.3,6,0,0,0,0,0,0,0,0,0.1,225,0,4
Button,BHA,GKP,40,0.0,0.0,0.0,0.0,0,0,0,0,0,0,0,0,0,1.7,0,0,0
Byram,WHU,DEF,45,0.0,0.0,0.0,0.0,0,0,0,0,0,0,0,0,0,0.0,0,0,0
Caballero,CHE,GKP,48,0.0,0.0,0.0,0.0,0,0,0,0,0,0,0,0,0,0.1,0,0,0
Cahill,CHE,DEF,52,0.0,2.8,0.0,0.3,0,0,0,0,0,0,0,0,0,0.7,21,0,1
Cairney,FUL,MID,48,82.2,58.8,16.0,15.7,5,0,1,0,0,0,0,0,0,1.0,239,0,9
Calvert-Lewin,EVE,FWD,54,24.5,49.4,37.0,11.2,6,1,0,0,0,0,0,1,0,0.9,272,1,12
Camarasa,CAR,MID,45,43.5,74.4,25.0,14.3,12,1,0,0,0,0,0,2,0,0.4,417,0,15
Capoue,WAT,MID,50,22.2,120.2,15.0,15.8,6,0,1,0,0,0,0,4,0,0.4,540,5,17
Carlos Sanchez,WHU,MID,45,27.7,20.2,24.0,7.2,4,0,0,0,0,0,0,0,0,0.3,217,0,7
Carrillo,SOU,FWD,55,0.0,0.0,0.0,0.0,0,0,0,0,0,0,0,0,0,0.0,0,0,0
Carroll,WHU,FWD,54,0.0,0.0,0.0,0.0,0,0,0,0,0,0,0,0,0,0.0,0,0,0
Cathcart,WAT,DEF,45,1.9,144.0,23.0,17.0,6,1,0,0,0,0,0,0,0,1.1,537,3,24
Cavaleiro,WOL,MID,53,0.0,0.0,0.0,0.0,0,0,0,0,0,0,0,0,0,0.0,0,0,0
Cech,ARS,GKP,50,0.0,187.8,0.0,18.7,9,0,0,0,0,0,26,0,0,2.4,540,3,23
Chalobah,WAT,MID,45,0.1,0.4,0.0,0.1,0,0,0,0,0,0,0,0,0,0.2,4,0,1
Chamberlain,LIV,MID,64,0.0,0.0,0.0,0.0,0,0,0,0,0,0,0,0,0,0.0,0,0,0
Chambers,FUL,DEF,44,0.9,83.6,18.0,10.3,6,0,0,0,0,0,0,0,0,1.1,291,0,6
Chicharito,WHU,FWD,63,15.3,6.6,48.0,7.0,6,0,1,0,0,0,0,0,0,1.2,140,0,8
Chilwell,LEI,DEF,50,136.5,126.4,90.0,35.4,10,0,0,0,0,0,0,0,0,0.8,540,2,14
Choudhury,LEI,MID,44,0.0,0.0,0.0,0.0,0,0,0,0,0,0,0,0,0,0.1,0,0,0
Christensen,CHE,DEF,51,0.0,0.0,0.0,0.0,0,0,0,0,0,0,0,0,0,0.5,0,0,0
Christie,FUL,DEF,43,41.8,45.8,11.0,9.9,5,0,0,0,0,0,0,0,0,0.2,185,0,3
Cisse,FUL,MID,44,0.0,0.0,0.0,0.0,0,0,0,0,0,0,0,0,0,0.1,0,0,0
Clark,NEW,DEF,45,1.9,113.0,45.0,16.1,8,1,0,0,0,0,0,0,0,0.3,395,0,15
Cleverley,WAT,MID,50,0.0,0.0,0.0,0.0,0,0,0,0,0,0,0,0,0,0.0,0,0,0
Clyne,LIV,DEF,47,0.0,0.0,0.0,0.0,0,0,0,0,0,0,0,0,0,0.3,0,0,0
Coady,WOL,DEF,45,4.4,99.0,0.0,10.3,6,0,0,0,0,0,0,1,0,0.5,540,2,19
Coleman,EVE,DEF,53,18.3,78.0,46.0,14.2,6,0,0,0,0,0,0,0,0,1.0,360,0,6
Connolly,CAR,DEF,39,0.0,0.0,0.0,0.0,0,0,0,0,0,0,0,0,0,1.2,0,0,0
Cork,BUR,MID,48,72.8,49.4,29.0,15.2,10,0,0,0,0,0,0,2,0,0.6,540,0,12
Costa,WOL,MID,49,64.6,29.0,75.0,16.9,6,0,0,0,0,0,0,0,0,0.6,396,0,13
Courtois,CHE,GKP,55,0.0,0.0,0.0,0.0,0,0,0,0,0,0,0,0,0,0.6,0,0,0
Cresswell,WHU,DEF,52,27.6,9.8,0.0,3.7,1,0,0,0,0,0,0,1,0,0.8,90,0,1
Cunningham,CAR,DEF,43,4.4,27.2,0.0,3.2,5,0,0,0,0,0,0,0,0,0.1,90,0,0
Cedric,SOU,DEF,44,83.7,108.4,51.0,24.3,9,0,1,0,0,0,0,2,0,5.4,505,3,15
Dahlberg,WAT,GKP,44,0.0,0.0,0.0,0.0,0,0,0,0,0,0,0,0,0,0.1,0,0,0
Dalot,MUN,DEF,54,0.0,0.0,0.0,0.0,0,0,0,0,0,0,0,0,0,0.0,0,0,0
Damour,CAR,MID,44,0.0,0.0,0.0,0.0,0,0,0,0,0,0,0,0,0,0.1,0,0,0
Daniels,BOU,DEF,43,34.9,48.8,8.0,9.1,3,0,0,0,0,0,0,1,0,6.9,270,0,8
Danilo,MCI,DEF,51,0.0,0.0,0.0,0.0,0,0,0,0,0,0,0,0,0,0.4,0,0,0
Dann,CRY,DEF,44,0.0,0.0,0.0,0.0,0,0,0,0,0,0,0,0,0,0.0,0,0,0
Darlow,NEW,GKP,44,0.0,0.0,0.0,0.0,0,0,0,0,0,0,0,0,0,0.1,0,0,0
Darmian,MUN,DEF,47,2.3,20.6,7.0,3.0,1,0,0,0,0,0,0,0,0,0.2,90,0,2
David Luiz,CHE,DEF,55,45.1,111.2,23.0,17.9,4,0,0,0,0,0,0,1,0,4.1,540,2,24
David Silva,MCI,MID,86,233.1,136.2,215.0,58.5,3,2,0,0,0,0,0,1,0,8.4,332,5,23
Davies,TOT,DEF,57,85.8,46.0,68.0,20.0,4,0,0,0,0,0,0,0,0,3.0,276,0,6
Davies,EVE,MID,53,39.2,44.8,9.0,9.3,6,0,0,0,0,0,0,1,0,0.2,336,0,7
Davis,SOU,MID,48,0.2,1.0,0.0,0.1,1,0,0,0,0,0,0,0,0,0.1,6,0,1
De Bruyne,MCI,MID,97,14.8,4.4,7.0,2.6,0,0,0,0,0,0,0,1,0,3.4,30,0,0
De Gea,MUN,GKP,59,0.0,141.2,0.0,14.1,9,0,0,0,0,0,18,0,0,21.3,540,1,19
Deeney,WAT,FWD,61,69.9,130.8,217.0,41.8,6,2,1,0,0,0,0,0,0,6.1,538,4,27
Defoe,BOU,FWD,57,0.0,3.0,23.0,2.6,2,0,0,0,0,0,0,0,0,0.5,13,0,2
Defour,BUR,MID,54,0.0,0.0,0.0,0.0,0,0,0,0,0,0,0,0,0,0.0,0,0,0
Delph,MCI,DEF,53,25.6,32.0,0.0,5.7,0,0,0,0,0,0,0,0,0,0.5,156,2,14
Dembele,TOT,MID,49,13.7,39.4,1.0,5.5,5,0,0,0,0,0,0,1,0,1.3,373,0,9
Dendoncker,WOL,MID,44,0.0,0.0,0.0,0.0,0,0,0,0,0,0,0,0,0,0.4,0,0,0
Depoitre,HUD,FWD,53,36.4,26.2,43.0,10.4,7,0,1,0,0,0,0,0,0,0.6,203,0,10
Deulofeu,WAT,MID,54,0.0,0.0,0.0,0.0,0,0,0,0,0,0,0,0,0,0.1,0,0,0
Diabate,LEI,MID,48,0.0,0.0,0.0,0.0,0,0,0,0,0,0,0,0,0,0.0,0,0,0
Diakhaby,HUD,MID,48,6.7,13.2,8.0,2.6,6,0,0,0,0,0,0,0,0,0.0,229,0,8
Diame,NEW,MID,50,20.4,77.2,35.0,13.4,8,0,0,0,0,0,0,1,0,0.1,540,0,13
Diaz,MCI,MID,48,0.0,0.0,0.0,0.0,0,0,0,0,0,0,0,0,0,0.0,0,0,0
Dier,TOT,MID,48,54.4,65.8,8.0,12.9,5,0,0,0,0,0,0,1,0,1.5,421,0,10
Digne,EVE,DEF,48,120.9,84.0,32.0,23.7,6,0,1,0,0,0,0,1,0,1.5,259,2,9
Diop,WHU,DEF,43,0.9,78.6,21.0,10.0,5,0,0,1,0,0,0,1,0,0.5,360,0,8
Doherty,WOL,DEF,44,103.1,99.6,147.0,34.7,6,0,1,1,0,0,0,0,0,2.7,518,3,22
Doucoure,WAT,MID,59,120.4,102.4,50.0,27.3,6,0,2,1,0,0,0,0,0,1.6,540,4,21
Douglas,WOL,DEF,50,0.0,0.0,0.0,0.0,0,0,0,0,0,0,0,0,0,0.0,0,0,0
Dowell,EVE,MID,45,0.0,0.0,0.0,0.0,0,0,0,0,0,0,0,0,0,0.0,0,0,0
Drinkwater,CHE,MID,48,0.0,0.0,0.0,0.0,0,0,0,0,0,0,0,0,0,0.1,0,0,0
Dubravka,NEW,GKP,50,0.0,126.8,0.0,12.6,8,0,0,0,0,0,15,0,0,0.5,540,3,23
Duffy,BHA,DEF,45,10.8,224.6,48.0,28.3,11,2,2,0,0,0,0,0,0,3.3,540,2,27
Dummett,NEW,DEF,45,17.5,100.0,4.0,12.2,8,0,0,0,0,0,0,0,0,0.2,540,0,16
Dunk,BHA,DEF,44,32.3,55.0,16.0,10.3,8,0,0,0,0,0,0,0,0,1.4,379,0,5
Durm,HUD,DEF,45,15.5,17.2,3.0,3.5,3,0,0,0,0,0,0,0,0,0.1,104,0,2
Ecuele Manga,CAR,DEF,45,39.0,110.6,0.0,15.0,14,0,0,0,0,0,0,0,0,0.1,540,0,14
Ederson,MCI,GKP,57,20.0,97.6,0.0,11.7,3,0,1,0,0,0,10,0,0,24.2,540,1,30
Elliot,NEW,GKP,44,0.0,0.0,0.0,0.0,0,0,0,0,0,0,0,0,0,0.2,0,0,0
Elneny,ARS,MID,43,0.0,0.0,0.0,0.0,0,0,0,0,0,0,0,0,0,2.3,0,0,0
Elyounoussi,SOU,MID,63,121.5,35.2,95.0,25.1,2,0,0,0,0,0,0,0,0,0.2,259,0,8
Emerson,CHE,DEF,53,0.0,0.0,0.0,0.0,0,0,0,0,0,0,0,0,0,0.1,0,0,0
Enobakhare,WOL,MID,44,0.0,0.0,0.0,0.0,0,0,0,0,0,0,0,0,0,0.2,0,0,0
Eriksen,TOT,MID,93,201.0,109.8,125.0,43.7,7,0,2,0,0,0,0,0,0,8.0,540,0,19
Etheridge,CAR,GKP,46,0.0,239.6,0.0,23.9,14,0,0,0,0,2,25,0,0,7.8,540,3,33
Evans,LEI,DEF,49,0.8,30.6,0.0,3.1,1,0,0,0,0,0,0,1,0,0.3,186,0,8
Fabianski,WHU,GKP,45,0.0,214.4,0.0,21.3,11,0,0,0,0,0,30,0,0,13.3,540,4,25
Fabinho,LIV,MID,56,0.0,0.0,0.0,0.0,0,0,0,0,0,0,0,0,0,0.5,0,0,0
Fabri,FUL,GKP,44,0.0,115.2,0.0,11.5,5,0,0,0,0,0,15,0,0,0.3,180,2,8
Felipe Anderson,WHU,MID,68,174.4,111.2,65.0,35.1,10,0,1,0,0,0,0,2,0,2.0,494,0,14
Fellaini,MUN,MID,50,42.6,96.6,63.0,20.2,4,0,2,0,0,0,0,0,0,1.0,335,0,16
Fernandes,WHU,MID,45,0.0,0.0,0.0,0.0,0,0,0,0,0,0,0,0,0,0.1,0,0,0
Fernandinho,MCI,MID,54,79.7,84.4,72.0,23.6,3,0,1,0,0,0,0,1,0,4.4,523,0,17
Fernandez,NEW,DEF,44,28.8,107.6,34.0,17.1,6,0,1,0,0,0,0,1,0,0.2,360,1,12
Firmino,LIV,FWD,94,114.2,154.0,220.0,48.8,1,2,2,0,0,0,0,0,0,25.0,501,4,30
Foden,MCI,MID,47,25.7,9.4,27.0,6.2,0,0,0,0,0,0,0,0,0,0.1,29,0,2
Fonte,FUL,MID,44,0.0,0.0,0.0,0.0,0,0,0,0,0,0,0,0,0,0.2,0,0,0
Forster,SOU,GKP,44,0.0,0.0,0.0,0.0,0,0,0,0,0,0,0,0,0,0.8,0,0,0
Foster,WAT,GKP,45,20.0,92.0,0.0,11.2,6,0,0,0,0,0,12,0,0,4.4,540,0,16
Fosu-Mensah,FUL,DEF,45,65.0,46.6,23.0,13.4,8,0,0,0,0,0,0,1,0,0.6,360,0,4
Francis,BOU,DEF,44,25.6,79.2,8.0,11.3,6,0,1,0,0,0,0,0,0,0.3,192,0,6
Fraser,BOU,MID,59,195.4,206.2,165.0,56.6,11,3,2,0,0,0,0,0,0,18.7,540,7,41
Fred,MUN,MID,57,78.6,69.6,46.0,19.5,7,1,0,0,0,0,0,1,0,2.2,317,3,16
Fredericks,WHU,DEF,47,36.9,43.0,10.0,9.1,8,0,0,0,0,0,0,2,0,0.3,270,0,1
Fuchs,LEI,DEF,43,0.0,0.0,0.0,0.0,0,0,0,0,0,0,0,0,0,0.5,0,0,0
Fabregas,CHE,MID,63,0.0,0.0,0.0,0.0,0,0,0,0,0,0,0,0,0,0.4,0,0,0
Gabbiadini,SOU,FWD,57,3.9,0.0,4.0,0.5,1,0,0,0,0,0,0,0,0,0.2,50,0,3
Gayle,NEW,FWD,60,0.0,0.0,0.0,0.0,0,0,0,0,0,0,0,0,0,0.1,0,0,0
Gazzaniga,TOT,GKP,45,0.0,21.4,0.0,2.1,1,0,0,0,0,0,3,0,0,0.0,90,0,3
Ghezzal,LEI,MID,53,86.4,57.6,37.0,18.1,7,1,0,0,0,0,0,2,0,0.3,234,2,12
Gibbs-White,WOL,MID,44,12.5,2.2,2.0,1.6,0,0,0,0,0,0,0,1,0,0.4,31,0,3
Gibson,BUR,DEF,48,0.0,0.0,0.0,0.0,0,0,0,0,0,0,0,0,0,0.1,0,0,0
Giroud,CHE,FWD,78,116.9,70.8,143.0,32.8,2,0,3,0,0,0,0,0,0,2.7,223,2,18
Gomes,WAT,GKP,44,0.0,0.0,0.0,0.0,0,0,0,0,0,0,0,0,0,0.3,0,0,0
Gomez,LIV,DEF,51,34.7,117.4,29.0,18.2,2,0,0,0,0,0,0,0,0,3.1,485,2,25
Gosling,BOU,MID,50,59.4,76.0,5.0,14.0,7,0,0,0,0,0,0,3,0,0.1,450,0,8
Grant,MUN,GKP,50,0.0,0.0,0.0,0.0,0,0,0,0,0,0,0,0,0,0.0,0,0,0
Gray,WAT,FWD,60,55.7,116.4,175.0,34.5,5,3,0,0,0,0,0,0,0,1.2,450,2,26
Gray,LEI,MID,55,55.2,66.8,114.0,23.6,8,1,0,0,0,0,0,0,0,1.9,438,2,19
Gross,BHA,MID,67,76.4,70.6,63.0,21.0,4,1,0,0,1,0,0,0,0,2.6,217,3,11
Guaita,CRY,GKP,43,0.0,0.0,0.0,0.0,0,0,0,0,0,0,0,0,0,0.1,0,0,0
Gudmundsson,BUR,MID,59,112.8,78.6,90.0,28.2,5,0,3,0,0,0,0,1,0,0.9,374,0,19
Guendouzi,ARS,MID,45,37.2,66.2,16.0,11.9,8,0,0,0,0,0,0,1,0,2.9,349,0,7
Gueye,EVE,MID,49,19.1,115.4,26.0,16.1,10,0,0,0,0,0,0,1,0,0.3,450,0,9
Gunn,SOU,GKP,44,0.0,0.0,0.0,0.0,0,0,0,0,0,0,0,0,0,0.2,0,0,0
Gunnarsson,CAR,MID,44,0.0,0.0,0.0,0.0,0,0,0,0,0,0,0,0,0,0.5,0,0,0
Gundogan,MCI,MID,56,130.0,110.0,117.0,35.5,2,1,2,0,0,0,0,0,0,4.1,352,5,28
Hadergjonaj,HUD,DEF,45,45.8,43.2,25.0,11.3,11,0,0,0,0,0,0,1,0,0.1,435,0,9
Halford,CAR,DEF,40,0.0,0.0,0.0,0.0,0,0,0,0,0,0,0,0,0,0.0,0,0,0
Hamer,HUD,GKP,40,0.0,78.4,0.0,7.8,9,0,0,0,0,0,11,0,0,7.8,192,0,4
Harris,CAR,MID,45,0.0,0.0,0.0,0.0,0,0,0,0,0,0,0,0,0,0.0,0,0,0
Hart,BUR,GKP,45,0.0,248.2,0.0,24.7,10,0,0,0,0,1,32,0,0,8.4,540,3,33
Hause,WOL,DEF,40,0.0,0.0,0.0,0.0,0,0,0,0,0,0,0,0,0,0.3,0,0,0
Hayden,NEW,MID,44,2.1,19.4,0.0,2.2,2,0,0,0,0,0,0,0,1,0.2,110,0,0
Hazard,CHE,MID,110,203.4,267.8,261.0,73.3,2,5,2,0,0,0,0,0,0,35.4,396,7,50
Heaton,BUR,GKP,49,0.0,0.0,0.0,0.0,0,0,0,0,0,0,0,0,0,0.1,0,0,0
Hemed,BHA,FWD,49,0.0,0.0,0.0,0.0,0,0,0,0,0,0,0,0,0,0.1,0,0,0
Henderson,LIV,MID,53,26.5,43.4,0.0,7.2,2,0,0,0,0,0,0,0,0,0.8,243,0,9
Hendrick,BUR,MID,55,44.8,59.2,119.0,22.3,10,1,0,0,0,0,0,0,0,0.2,369,0,15
Hennessey,CRY,GKP,46,0.0,193.0,0.0,19.4,6,0,0,0,0,1,23,0,0,7.2,540,3,35
Herrera,MUN,MID,50,1.3,8.0,36.0,4.6,2,0,0,0,0,0,0,1,0,0.1,68,0,1
Hoedt,SOU,DEF,45,14.8,105.4,8.0,13.0,9,0,0,1,0,0,0,1,0,0.4,540,0,13
Hogg,HUD,MID,44,6.3,10.0,0.0,1.6,3,0,0,0,0,0,0,0,1,0.2,152,0,2
Hoilett,CAR,MID,52,53.8,40.0,26.0,11.4,13,0,0,0,0,0,0,1,0,0.1,426,0,10
Holding,ARS,DEF,44,0.5,12.0,0.0,1.3,0,0,0,0,0,0,0,0,0,0.5,51,0,1
Holebas,WAT,DEF,49,182.5,193.2,30.0,40.6,6,1,4,0,0,0,0,4,0,20.2,533,6,35
Holgate,EVE,DEF,45,5.0,92.2,2.0,9.9,9,0,0,0,0,0,0,1,0,0.2,407,0,5
Hudson-Odoi,CHE,MID,43,0.0,0.0,0.0,0.0,0,0,0,0,0,0,0,0,0,1.5,0,0,0
Hughes,WAT,MID,50,111.3,128.4,117.0,35.7,5,1,1,0,0,0,0,1,0,1.8,496,2,23
Hugill,WHU,FWD,50,0.0,0.0,0.0,0.0,0,0,0,0,0,0,0,0,0,0.0,0,0,0
Hyndman,BOU,MID,45,0.0,0.0,0.0,0.0,0,0,0,0,0,0,0,0,0,0.0,0,0,0
Hojbjerg,SOU,MID,45,74.8,121.2,79.0,27.6,7,2,0,0,0,0,0,0,1,3.9,346,4,20
Ibe,BOU,MID,52,46.9,10.4,8.0,6.5,2,0,0,0,0,0,0,0,0,0.3,36,0,2
Iborra,LEI,MID,48,1.5,3.4,0.0,0.5,1,0,0,0,0,0,0,0,0,0.1,10,0,1
Iheanacho,LEI,FWD,59,95.7,80.4,61.0,23.7,5,1,3,0,0,0,0,0,0,1.3,298,3,25
Ince,HUD,MID,50,0.0,0.0,0.0,0.0,0,0,0,0,0,0,0,0,0,0.0,0,0,0
Ings,SOU,FWD,57,93.4,139.4,276.0,50.9,4,3,0,0,0,0,0,0,0,6.8,352,4,25
Iwobi,ARS,MID,55,50.1,64.2,35.0,14.9,3,1,1,0,0,0,0,0,0,1.1,140,0,12
Izquierdo,BHA,MID,59,0.0,0.0,0.0,0.0,0,0,0,0,0,0,0,0,0,0.1,0,0,0
Jach,CRY,DEF,40,0.0,0.0,0.0,0.0,0,0,0,0,0,0,0,0,0,0.0,0,0,0
Jagielka,EVE,DEF,43,0.0,0.0,0.0,0.0,2,0,0,0,0,0,0,0,1,0.6,39,0,-3
Jahanbakhsh,BHA,MID,68,27.2,10.2,22.0,5.8,1,0,0,0,0,0,0,0,0,0.8,85,0,5
Jakupovic,LEI,GKP,44,0.0,0.0,0.0,0.0,0,0,0,0,0,0,0,0,0,0.1,0,0,0
James,LEI,MID,44,0.0,0.0,0.0,0.0,0,0,0,0,0,0,0,0,0,0.0,0,0,0
Janmaat,WAT,DEF,50,93.5,125.8,30.0,25.1,6,0,1,0,0,0,0,2,0,0.6,521,4,20
Jazz Richards,CAR,DEF,39,1.2,10.0,0.0,1.2,4,0,0,0,0,0,0,0,0,0.8,84,0,0
Jesus,MCI,FWD,103,87.8,74.8,246.0,40.9,2,1,0,0,0,0,0,0,0,1.7,222,1,11
Jimenez,WOL,FWD,55,112.3,131.2,249.0,49.1,6,2,1,0,0,0,0,0,0,5.7,521,2,25
Johansen,FUL,MID,53,10.6,35.0,0.0,4.6,7,0,0,0,0,0,0,1,0,0.1,194,0,6
Jones,MUN,DEF,52,0.3,8.2,0.0,0.9,2,0,0,0,0,0,0,0,0,0.6,57,0,0
Jonny,WOL,DEF,44,113.7,94.4,87.0,29.6,6,0,0,0,0,0,0,0,0,0.8,519,3,21
Jorginho,CHE,MID,51,122.6,149.6,35.0,30.6,4,1,0,0,0,0,0,0,0,12.6,540,1,21
Joselu,NEW,FWD,50,25.6,104.4,204.0,33.5,6,2,0,0,0,0,0,1,0,5.2,328,3,18
Jota,WOL,MID,61,99.9,35.4,121.0,25.7,6,0,1,0,0,0,0,1,0,1.8,459,0,15
Kabasele,WAT,DEF,45,0.9,118.6,132.0,25.1,6,0,0,0,0,0,0,0,0,0.6,540,0,15
Kaboul,WAT,DEF,43,0.0,0.0,0.0,0.0,0,0,0,0,0,0,0,0,0,0.1,0,0,0
Kachunga,HUD,FWD,49,9.6,6.0,21.0,3.3,2,0,0,0,0,0,0,0,0,0.1,153,0,4
Kaikai,CRY,MID,44,0.0,0.0,0.0,0.0,0,0,0,0,0,0,0,0,0,0.2,0,0,0
Kamara,FUL,FWD,44,60.1,13.8,30.0,10.4,4,0,0,0,0,0,0,0,0,8.8,116,0,3
Kane,TOT,FWD,124,110.7,149.6,268.0,52.8,7,3,1,0,0,0,0,2,0,25.5,536,6,31
Kante,CHE,MID,50,130.8,108.4,93.0,33.2,4,1,0,0,0,0,0,2,0,19.4,540,0,18
Karius,LIV,GKP,49,0.0,0.0,0.0,0.0,0,0,0,0,0,0,0,0,0,0.1,0,0,0
Kayal,BHA,MID,44,12.3,10.6,4.0,2.7,3,0,0,0,0,0,0,1,0,0.1,70,0,2
Keane,EVE,DEF,49,22.0,137.0,108.0,26.8,7,1,1,0,0,0,0,0,0,1.2,360,4,18
Kebano,FUL,MID,44,0.0,0.0,0.0,0.0,0,0,0,0,0,0,0,0,0,0.1,0,0,0
Keita,LIV,MID,73,65.3,55.4,73.0,19.5,0,0,0,0,0,0,0,0,0,3.0,363,0,14
Kelly,CRY,DEF,39,4.8,45.2,0.0,5.0,4,0,0,0,0,0,0,0,0,6.1,180,0,2
Kenedy,NEW,MID,49,5.8,35.4,53.0,9.4,4,0,0,0,1,0,0,0,0,1.1,344,0,8
Kenny,EVE,DEF,43,19.8,45.0,4.0,6.9,5,0,1,0,0,0,0,0,0,0.2,180,0,5
Kepa,CHE,GKP,55,0.1,80.8,0.0,8.1,4,0,0,0,0,0,9,0,0,4.7,540,0,24
Ki Sung-yueng,NEW,MID,48,16.6,21.2,8.0,4.6,4,0,0,0,0,0,0,0,0,0.1,180,0,4
Kiko Femenia,WAT,DEF,43,24.1,16.8,2.0,4.2,1,0,0,0,0,0,0,0,0,0.2,48,0,4
King,BOU,FWD,63,108.1,110.2,149.0,36.7,8,2,1,0,0,0,0,1,0,4.9,522,5,27
Klaassen,EVE,MID,60,0.0,0.0,0.0,0.0,0,0,0,0,0,0,0,0,0,0.0,0,0,0
Klavan,LIV,DEF,44,0.0,0.0,0.0,0.0,0,0,0,0,0,0,0,0,0,0.1,0,0,0
Knockaert,BHA,MID,55,134.3,150.0,134.0,41.9,11,1,3,0,0,0,0,1,0,0.8,509,1,26
Kolasinac,ARS,DEF,49,0.0,0.0,0.0,0.0,0,0,0,0,0,0,0,0,0,0.3,0,0,0
Kompany,MCI,DEF,53,10.5,52.2,6.0,6.9,2,0,0,0,0,0,0,1,0,1.5,181,0,4
Kongolo,HUD,DEF,44,32.9,94.2,12.0,14.0,13,0,0,1,0,0,0,2,0,0.2,521,0,7
Koscielny,ARS,DEF,54,0.0,0.0,0.0,0.0,0,0,0,0,0,0,0,0,0,0.1,0,0,0
Kouyate,CRY,MID,48,30.9,42.4,37.0,11.1,1,0,0,0,0,0,0,0,0,0.3,172,0,8
Kovacic,CHE,MID,59,107.5,61.4,135.0,30.5,1,0,0,0,0,0,0,1,0,0.8,313,0,10
Lacazette,ARS,FWD,95,101.9,132.2,197.0,42.8,5,2,3,0,0,0,0,0,0,5.5,366,5,31
Lallana,LIV,MID,69,0.4,0.0,0.0,0.0,0,0,0,0,0,0,0,0,0,0.8,3,0,1
Lamela,TOT,MID,64,31.3,92.4,121.0,24.4,1,2,1,0,0,0,0,0,0,0.3,69,1,17
Lanzini,WHU,MID,64,0.0,0.0,0.0,0.0,0,0,0,0,0,0,0,0,0,0.0,0,0,0
Laporte,MCI,DEF,57,48.6,134.4,114.0,29.7,3,1,0,0,0,0,0,0,0,6.5,540,0,30
Lascelles,NEW,DEF,49,1.2,88.4,42.0,13.2,4,0,0,0,0,0,0,0,0,4.7,405,2,17
Le Marchand,FUL,DEF,44,15.1,105.4,2.0,12.4,9,0,0,0,0,0,0,1,0,0.2,360,1,4
Lejeune,NEW,DEF,44,0.0,0.0,0.0,0.0,0,0,0,0,0,0,0,0,0,0.0,0,0,0
Lemina,SOU,MID,50,38.6,89.4,82.0,21.0,9,0,1,0,0,0,0,2,0,0.4,540,0,15
Lennon,BUR,MID,50,58.4,89.4,92.0,23.9,10,1,1,0,0,0,0,0,0,1.0,540,2,24
Leno,ARS,GKP,48,0.0,0.0,0.0,0.0,0,0,0,0,0,0,0,0,0,1.3,0,0,0
Lerma,BOU,MID,45,20.1,54.2,14.0,8.8,6,0,0,0,0,0,0,2,0,0.2,254,0,5
Lewis Cook,BOU,MID,48,2.8,5.4,10.0,1.9,2,0,0,0,0,0,0,0,0,0.2,29,0,4
Lichtsteiner,ARS,DEF,47,5.8,1.0,2.0,0.9,1,0,0,0,0,0,0,0,0,1.1,55,0,1
Lindegaard,BUR,GKP,44,0.0,0.0,0.0,0.0,0,0,0,0,0,0,0,0,0,0.1,0,0,0
Lindelof,MUN,DEF,49,2.2,99.2,9.0,11.2,7,0,0,0,0,0,0,0,0,1.1,482,0,14
Lingard,MUN,MID,68,68.2,23.4,105.0,19.7,5,0,0,0,0,0,0,0,0,3.1,354,0,10
Llorente,TOT,FWD,57,0.3,0.0,2.0,0.2,0,0,0,0,0,0,0,0,0,0.2,9,0,1
Lloris,TOT,GKP,54,0.0,65.8,0.0,6.6,2,0,0,0,0,0,8,0,0,4.2,270,0,11
Locadia,BHA,FWD,54,13.4,6.6,56.0,7.7,1,0,0,0,0,0,0,1,0,0.1,57,0,4
Loftus-Cheek,CHE,MID,52,23.6,13.2,0.0,3.7,0,0,0,0,0,0,0,0,0,0.5,33,0,2
Long,SOU,FWD,48,39.7,26.6,93.0,16.0,5,0,0,0,0,0,0,0,0,1.4,331,0,9
Long,BUR,DEF,43,0.0,0.0,0.0,0.0,0,0,0,0,0,0,0,0,0,0.4,0,0,0
Longstaff,NEW,MID,45,0.0,0.0,0.0,0.0,0,0,0,0,0,0,0,0,0,0.0,0,0,0
Lookman,EVE,MID,52,2.3,5.0,6.0,1.4,0,0,0,0,0,0,0,0,0,0.1,46,0,2
Lovren,LIV,DEF,49,0.0,0.0,0.0,0.0,0,0,0,0,0,0,0,0,0,1.7,0,0,0
Lowton,BUR,DEF,48,40.9,56.4,27.0,12.5,7,0,0,0,0,0,0,1,0,0.5,360,0,12
Lucas,WHU,FWD,63,18.7,10.4,6.0,3.5,2,0,0,0,0,0,0,0,0,0.1,65,0,3
Lucas Moura,TOT,MID,74,82.9,143.0,135.0,36.2,6,3,1,0,0,0,0,1,0,22.8,504,3,34
Lukaku,MUN,FWD,111,87.0,166.4,317.0,57.1,9,4,0,0,0,0,0,1,0,10.4,473,5,31
Lossl,HUD,GKP,45,10.0,76.8,0.0,8.7,5,0,0,0,0,0,9,0,0,1.4,347,2,15
Lowe,HUD,DEF,44,83.6,67.0,14.0,16.5,13,0,1,0,0,0,0,0,0,0.1,430,1,9
Maddison,LEI,MID,68,151.7,183.8,145.0,48.1,9,3,1,0,0,0,0,0,0,10.8,476,3,34
Madine,CAR,FWD,45,0.6,2.0,4.0,0.6,3,0,0,0,0,0,0,0,0,1.2,16,0,3
Maguire,LEI,DEF,55,18.7,172.6,85.0,27.6,10,1,0,0,0,0,0,3,0,14.2,540,3,18
Mahrez,MCI,MID,86,91.9,90.0,143.0,32.4,1,2,0,0,0,0,0,0,0,2.0,210,1,18
Maitland-Niles,ARS,MID,44,10.3,10.8,0.0,2.1,1,0,0,0,0,0,0,0,0,0.3,34,0,1
Malone,HUD,DEF,40,0.0,0.0,0.0,0.0,0,0,0,0,0,0,0,0,0,2.0,0,0,0
Manquillo,NEW,DEF,44,0.2,0.2,0.0,0.0,0,0,0,0,0,0,0,1,0,0.1,45,0,0
Mane,LIV,MID,100,124.3,192.0,252.0,56.8,2,4,0,0,0,0,0,0,0,41.8,520,8,44
March,BHA,MID,50,74.2,64.2,66.0,20.6,10,0,1,0,0,0,0,0,0,0.1,466,0,15
Mariappa,WAT,DEF,43,0.0,0.0,0.0,0.0,0,0,0,0,0,0,0,0,0,0.1,1,0,1
Martial,MUN,MID,72,38.1,7.6,32.0,7.7,3,0,0,0,0,0,0,1,0,0.4,105,0,2
Martina,EVE,DEF,45,0.0,0.0,0.0,0.0,0,0,0,0,0,0,0,0,0,0.1,0,0,0
Masina,WAT,DEF,43,0.2,1.6,2.0,0.4,0,0,0,0,0,0,0,0,0,0.1,6,0,1
Masuaku,WHU,MID,44,46.5,126.0,4.0,17.7,10,0,0,0,0,0,0,1,0,1.8,450,0,10
Mata,MUN,MID,62,40.4,27.4,13.0,8.1,4,0,1,0,0,0,0,0,0,1.1,162,0,7
Matic,MUN,MID,50,25.2,26.0,25.0,7.6,3,0,0,0,0,0,0,0,1,0.6,240,0,4
Matip,LIV,DEF,49,5.1,55.4,17.0,7.7,1,1,0,0,0,0,0,0,0,0.2,93,3,18
Mavropanos,ARS,DEF,48,0.0,0.0,0.0,0.0,0,0,0,0,0,0,0,0,0,0.1,0,0,0
Mawson,FUL,DEF,50,11.0,63.6,0.0,7.5,6,0,0,0,0,0,0,1,0,0.2,225,0,2
Mbemba,NEW,DEF,40,0.0,0.0,0.0,0.0,0,0,0,0,0,0,0,0,0,0.1,0,0,0
Mbenza,HUD,MID,60,0.5,1.0,8.0,1.0,0,0,0,0,0,0,0,0,0,0.0,34,0,2
McArthur,CRY,MID,49,101.2,76.4,80.0,25.7,6,0,0,0,0,0,0,1,0,1.1,540,0,14
McCarthy,EVE,MID,44,0.0,0.0,0.0,0.0,0,0,0,0,0,0,0,0,0,0.0,0,0,0
McCarthy,SOU,GKP,45,0.0,157.4,0.0,15.8,9,0,0,0,0,0,23,1,0,4.2,540,3,24
McDonald,FUL,MID,44,23.7,53.2,12.0,8.9,10,0,0,0,0,0,0,1,0,0.4,405,0,8
McNeil,BUR,MID,45,38.6,12.8,11.0,6.2,2,0,0,0,0,0,0,1,0,0.0,79,0,1
McQueen,SOU,DEF,40,0.0,0.0,0.0,0.0,0,0,0,0,0,0,0,0,0,0.8,0,0,0
McTominay,MUN,MID,44,0.6,0.4,4.0,0.5,1,0,0,0,0,0,0,0,0,0.6,20,0,2
Mee,BUR,DEF,49,24.0,172.4,28.0,22.4,10,0,1,0,0,0,0,0,0,3.2,540,2,21
Mendez-Laing,CAR,MID,48,1.4,8.0,34.0,4.4,1,0,0,0,0,0,0,0,0,0.0,83,0,4
Mendy,MCI,DEF,63,120.2,145.4,57.0,32.2,3,0,5,0,0,0,0,0,0,20.4,360,5,32
Mendy,LEI,MID,45,20.7,64.4,2.0,8.7,8,0,1,0,0,0,0,1,0,1.0,450,0,13
Merino,NEW,MID,50,0.0,0.0,0.0,0.0,0,0,0,0,0,0,0,0,0,0.0,0,0,0
Meyer,CRY,MID,58,34.5,36.0,32.0,10.3,2,0,1,0,0,0,0,1,0,0.3,63,0,6
Mignolet,LIV,GKP,49,0.0,0.0,0.0,0.0,0,0,0,0,0,0,0,0,0,0.1,0,0,0
Milivojevic,CRY,MID,62,130.4,116.0,36.0,28.1,6,0,0,0,0,0,0,0,0,3.9,540,0,15
Milner,LIV,MID,57,182.6,162.2,83.0,42.9,2,1,2,0,0,0,0,1,0,6.7,471,3,27
Mina,EVE,DEF,54,0.0,0.0,0.0,0.0,0,0,0,0,0,0,0,0,0,0.6,0,0,0
Mings,BOU,DEF,44,0.0,0.0,0.0,0.0,0,0,0,0,0,0,0,0,0,0.1,0,0,0
Mir,WOL,FWD,45,0.0,0.0,0.0,0.0,0,0,0,0,0,0,0,0,0,0.1,0,0,0
Mirallas,EVE,MID,55,0.0,0.0,0.0,0.0,0,0,0,0,0,0,0,0,0,0.0,0,0,0
Miranda,WOL,DEF,40,0.0,0.0,0.0,0.0,0,0,0,0,0,0,0,0,0,0.1,0,0,0
Mitrovic,FUL,FWD,70,59.1,191.0,374.0,62.4,13,5,1,0,0,0,0,1,0,27.1,540,5,39
Mkhitaryan,ARS,MID,70,91.8,85.8,126.0,30.3,7,1,1,0,0,0,0,0,0,8.6,292,2,18
Monreal,ARS,DEF,55,45.3,111.8,145.0,30.2,7,1,0,0,0,0,0,1,0,2.1,450,2,19
Montoya,BHA,DEF,45,83.9,86.2,23.0,19.3,9,0,0,0,0,0,0,0,0,0.2,450,0,6
Mooy,HUD,MID,53,68.4,70.2,38.0,17.7,8,0,0,0,0,0,0,0,0,1.9,450,0,11
Morata,CHE,FWD,88,31.4,44.0,163.0,23.9,2,1,0,0,0,0,0,0,0,2.3,313,0,13
Moreno,LIV,DEF,43,0.0,0.0,0.0,0.0,0,0,0,0,0,0,0,0,0,0.3,0,0,0
Morgan,LEI,DEF,45,2.1,70.2,4.0,7.7,9,0,0,0,0,0,0,0,1,1.0,338,0,1
Morrison,CAR,DEF,49,73.0,126.6,76.0,27.6,14,0,2,0,0,0,0,0,0,0.5,540,0,20
Moses,CHE,DEF,57,10.8,1.2,0.0,1.2,0,0,0,0,0,0,0,0,0,1.8,9,0,1
Mounie,HUD,FWD,59,53.0,45.8,154.0,25.2,10,0,1,0,0,0,0,0,0,0.2,432,0,13
Mousset,BOU,FWD,50,0.9,0.4,2.0,0.3,3,0,0,0,0,0,0,0,0,0.2,17,0,4
Moutinho,WOL,MID,54,157.8,143.2,12.0,31.4,6,1,1,0,0,0,0,0,0,2.4,523,4,26
Muric,MCI,GKP,45,0.0,0.0,0.0,0.0,0,0,0,0,0,0,0,0,0,0.0,0,0,0
Murphy,CAR,MID,48,57.0,18.0,45.0,11.9,2,0,0,0,0,0,0,0,0,0.1,209,0,8
Murphy,NEW,MID,49,14.5,19.4,21.0,5.5,2,0,0,0,0,0,0,0,0,0.1,169,0,7
Murray,BHA,FWD,65,32.2,136.8,134.0,29.9,10,4,0,0,0,0,0,2,0,2.2,540,3,29
Mustafi,ARS,DEF,54,30.5,186.4,80.0,29.8,9,1,0,0,0,0,0,1,0,1.3,540,1,19
Muto,NEW,FWD,57,11.5,5.6,39.0,5.4,1,0,0,0,0,0,0,0,0,0.1,65,0,5
Navarro,WAT,DEF,43,0.0,0.0,0.0,0.0,0,0,0,0,0,0,0,0,0,0.1,0,0,0
Ndidi,LEI,MID,49,38.8,110.6,56.0,20.6,10,0,0,0,0,0,0,2,0,0.6,540,0,11
Nelson,ARS,MID,44,0.0,0.0,0.0,0.0,0,0,0,0,0,0,0,0,0,0.5,0,0,0
Neves,WOL,MID,52,130.9,147.6,68.0,34.5,6,1,1,0,0,0,0,2,0,23.0,540,2,22
Niasse,EVE,FWD,52,13.1,2.8,16.0,2.9,0,0,0,0,0,0,0,0,0,0.4,48,0,4
Nkoudou,TOT,MID,49,0.0,0.0,0.0,0.0,0,0,0,0,0,0,0,0,0,0.0,0,0,0
Noble,WHU,MID,49,38.8,49.0,3.0,9.2,7,0,1,0,0,0,0,1,0,0.3,320,0,11
Norris,WOL,GKP,40,0.0,0.0,0.0,0.0,0,0,0,0,0,0,0,0,0,2.3,0,0,0
Obiang,WHU,MID,44,21.1,49.0,17.0,8.8,2,0,1,0,0,0,0,0,0,1.1,206,1,10
Odoi,FUL,DEF,45,2.5,82.2,0.0,8.5,7,0,0,0,0,0,0,0,0,0.1,315,0,4
Ogbonna,WHU,DEF,43,14.0,45.8,2.0,6.2,6,0,0,0,0,0,0,1,0,0.5,180,0,0
Okaka,WAT,FWD,50,0.0,0.0,0.0,0.0,0,0,0,0,0,0,0,0,0,0.1,0,0,0
Okazaki,LEI,FWD,54,4.6,8.0,7.0,1.9,0,0,0,0,0,0,0,0,0,0.7,21,0,3
Oriol Romeu,SOU,MID,44,6.6,39.4,18.0,6.5,6,0,0,0,0,0,0,2,0,1.9,238,0,6
Otamendi,MCI,DEF,61,3.4,46.6,8.0,5.8,0,0,0,0,0,0,0,0,0,3.2,180,0,12
Oxford,WHU,DEF,44,0.0,0.0,0.0,0.0,0,0,0,0,0,0,0,0,0,0.1,0,0,0
Paterson,CAR,MID,52,49.0,33.2,57.0,14.0,3,0,0,0,0,0,0,0,0,0.1,168,0,7
Patricio,WOL,GKP,45,0.0,132.8,0.0,13.2,6,0,0,0,0,0,19,0,0,6.6,540,0,22
Pedro,CHE,MID,67,94.6,135.4,165.0,39.0,3,3,0,0,0,0,0,0,0,9.8,330,2,28
Peltier,CAR,DEF,39,1.6,18.2,0.0,2.0,5,0,0,0,0,0,0,1,0,2.1,140,0,0
Pereira,LEI,DEF,51,75.4,111.0,61.0,24.7,9,0,3,0,0,0,0,0,0,5.0,450,3,22
Pereira,MUN,MID,47,7.6,26.0,16.0,5.0,4,0,0,0,0,0,0,1,0,0.3,150,0,3
Pereyra,WAT,MID,63,97.3,132.6,175.0,40.4,6,3,0,0,0,0,0,1,0,15.6,535,5,32
Pickford,EVE,GKP,49,0.0,119.2,0.0,11.9,11,0,0,0,0,0,17,0,0,14.6,540,0,12
Pilkington,CAR,MID,44,0.0,0.0,0.0,0.0,0,0,0,0,0,0,0,0,0,0.1,0,0,0
Pogba,MUN,MID,82,139.2,177.8,180.0,49.9,8,2,1,0,1,0,0,0,0,16.9,533,3,28
Pope,BUR,GKP,49,0.0,0.0,0.0,0.0,0,0,0,0,0,0,0,0,0,0.2,0,0,0
Pritchard,HUD,MID,48,6.6,10.0,33.0,5.0,7,0,0,0,0,0,0,0,0,0.0,123,0,4
Prodl,WAT,DEF,43,0.0,0.0,0.0,0.0,0,0,0,0,0,0,0,0,0,0.1,0,0,0
Propper,BHA,MID,49,22.0,57.8,17.0,9.8,11,0,0,0,0,0,0,1,0,0.1,523,0,11
Pugh,BOU,MID,44,0.0,0.0,0.0,0.0,0,0,0,0,0,0,0,0,0,0.4,0,0,0
Puncheon,CRY,MID,44,0.0,0.0,0.0,0.0,0,0,0,0,0,0,0,0,0,0.5,0,0,0
Perez,NEW,FWD,62,44.4,56.0,79.0,17.8,8,0,0,0,0,0,0,0,0,1.3,421,0,11
Quaner,HUD,FWD,44,0.0,0.0,0.0,0.0,0,0,0,0,0,0,0,0,0,3.8,0,0,0
Quina,WAT,MID,44,0.0,0.0,0.0,0.0,0,0,0,0,0,0,0,0,0,0.1,0,0,0
Ralls,CAR,MID,49,107.0,96.8,43.0,24.6,14,0,0,0,0,0,0,1,0,0.2,540,0,13
Ramsey,ARS,MID,74,166.2,106.6,131.0,40.4,5,0,2,0,0,0,0,0,0,1.4,413,0,18
Rashford,MUN,FWD,67,21.8,13.6,8.0,4.2,0,0,0,0,0,0,0,0,1,4.2,121,0,1
Ream,FUL,DEF,43,0.0,0.0,0.0,0.0,0,0,0,0,0,0,0,0,0,0.1,0,0,0
Redmond,SOU,MID,54,112.1,58.8,126.0,29.5,9,0,0,0,0,0,0,0,0,0.4,540,0,14
Reid,CAR,FWD,53,59.6,20.0,101.0,17.8,11,0,0,0,0,0,0,0,0,0.3,366,0,10
Reid,WHU,DEF,44,0.0,0.0,0.0,0.0,0,0,0,0,0,0,0,0,0,0.0,0,0,0
Rice,WHU,DEF,44,3.4,45.8,0.0,4.9,3,0,0,0,0,0,0,1,0,0.2,225,0,7
Richarlison,EVE,MID,66,37.0,137.8,138.0,31.0,7,3,0,0,0,0,0,1,1,19.2,300,5,23
Rico,BOU,DEF,45,61.1,46.0,16.0,12.3,6,0,0,0,0,0,0,0,0,0.1,225,0,2
Rico,FUL,GKP,44,0.0,0.0,0.0,0.0,0,0,0,0,0,0,0,0,0,0.2,0,0,0
Riedewald,CRY,DEF,44,0.0,0.0,0.0,0.0,0,0,0,0,0,0,0,0,0,0.1,0,0,0
Ritchie,NEW,MID,59,101.7,51.2,33.0,18.5,6,0,1,0,0,0,0,2,0,0.5,377,0,13
Robertson,LIV,DEF,63,138.2,136.4,42.0,31.8,2,0,2,0,0,0,0,0,0,27.0,540,7,41
Rojo,MUN,DEF,49,0.0,0.0,0.0,0.0,0,0,0,0,0,0,0,0,0,0.1,0,0,0
Romero,MUN,GKP,50,0.0,0.0,0.0,0.0,0,0,0,0,0,0,0,0,0,0.1,0,0,0
Rondon,NEW,FWD,58,14.6,22.8,36.0,7.2,2,0,1,0,0,0,0,0,0,0.7,209,0,9
Rose,TOT,DEF,59,44.2,52.8,30.0,12.6,3,0,1,0,0,0,0,1,0,1.0,262,2,14
Ruddy,WOL,GKP,44,0.0,0.0,0.0,0.0,0,0,0,0,0,0,0,0,0,0.3,0,0,0
Ryan,BHA,GKP,45,0.0,153.6,0.0,15.4,11,0,0,0,0,0,20,0,0,3.7,540,0,12
Rudiger,CHE,DEF,60,59.5,88.4,66.0,21.5,4,0,0,0,0,0,0,0,0,2.6,518,3,26
Sabiri,HUD,MID,44,0.5,4.2,2.0,0.7,3,0,0,0,0,0,0,0,0,0.1,45,0,1
Sakho,CRY,DEF,50,23.8,111.0,9.0,14.4,6,0,0,0,0,0,0,0,0,1.7,540,5,26
Sako,CRY,MID,50,0.0,0.0,0.0,0.0,0,0,0,0,0,0,0,0,0,0.0,0,0,0
Salah,LIV,MID,129,189.7,182.2,412.0,78.5,2,3,2,0,0,0,0,0,0,42.2,516,0,37
Sandro,EVE,FWD,54,0.0,0.0,0.0,0.0,0,0,0,0,0,0,0,0,0,0.1,0,0,0
Sane,MCI,MID,92,84.7,76.2,154.0,31.6,0,1,2,0,0,0,0,0,0,4.4,210,1,21
Saiss,WOL,DEF,43,0.0,12.0,0.0,1.2,0,0,0,0,0,0,0,0,0,0.1,10,0,1
Schelotto,BHA,DEF,39,0.0,0.0,0.0,0.0,0,0,0,0,0,0,0,0,0,1.8,0,0,0
Schindler,HUD,DEF,44,23.1,102.2,23.0,14.8,14,0,0,0,0,0,0,2,0,2.1,540,3,12
Schlupp,CRY,DEF,45,39.0,72.4,48.0,16.0,4,1,0,0,0,0,0,1,0,3.6,322,0,17
Schmeichel,LEI,GKP,50,0.0,112.8,4.0,11.7,10,0,0,0,0,0,14,1,0,5.4,540,0,13
Schneiderlin,EVE,MID,45,54.5,53.8,2.0,11.0,5,0,1,0,0,0,0,1,0,1.9,246,0,8
Schofield,HUD,GKP,40,0.0,0.0,0.0,0.0,0,0,0,0,0,0,0,0,0,0.1,0,0,0
Schar,NEW,DEF,48,0.1,25.4,0.0,2.6,1,0,0,0,0,0,0,1,0,0.2,78,0,1
Schurrle,FUL,MID,59,126.2,115.6,185.0,42.7,9,2,0,0,0,0,0,1,0,5.0,416,0,20
Sema,WAT,MID,48,1.4,11.6,19.0,3.2,1,0,0,0,0,0,0,0,0,0.1,49,0,4
Seri,FUL,MID,55,182.1,164.4,22.0,37.0,13,1,1,0,0,0,0,0,0,3.9,496,6,25
Sessegnon,FUL,MID,62,73.7,75.6,113.0,26.4,10,0,1,0,0,0,0,0,0,3.6,377,0,13
Shaqiri,LIV,MID,71,22.7,2.0,23.0,4.8,0,0,2,0,0,0,0,0,0,2.0,72,0,9
Shaw,MUN,DEF,51,93.2,127.6,106.0,32.7,8,1,1,0,0,0,0,2,0,10.4,450,3,22
Shelvey,NEW,MID,54,107.2,40.4,25.0,17.2,2,0,0,0,0,0,0,0,0,0.6,270,0,8
Sigurdsson,EVE,MID,74,208.7,119.4,104.0,43.1,9,1,1,0,0,0,0,1,0,1.3,478,0,18
Silva,LEI,MID,49,6.3,14.2,0.0,2.1,1,0,0,0,0,0,0,0,0,0.2,87,0,3
Simpson,BOU,DEF,39,0.0,0.0,0.0,0.0,0,0,0,0,0,0,0,0,0,4.5,0,0,0
Simpson,LEI,DEF,43,0.0,0.0,0.0,0.0,0,0,0,0,0,0,0,0,0,0.2,0,0,0
Sims,SOU,MID,45,0.0,0.0,0.0,0.0,0,0,0,0,0,0,0,0,0,0.0,0,0,0
Sinclair,WAT,FWD,45,0.0,0.0,0.0,0.0,0,0,0,0,0,0,0,0,0,0.1,0,0,0
Sissoko,TOT,MID,49,7.1,10.6,17.0,3.5,1,0,0,0,0,0,0,0,0,0.1,90,0,2
Smalling,MUN,DEF,58,3.1,106.2,48.0,15.7,5,1,0,0,0,0,0,0,0,2.3,360,3,20
Smith,HUD,DEF,44,4.3,17.4,2.0,2.4,6,0,0,0,0,0,0,0,0,0.1,90,0,-1
Smithies,CAR,GKP,44,0.0,0.0,0.0,0.0,0,0,0,0,0,0,0,0,0,0.1,0,0,0
Snodgrass,WHU,MID,54,59.8,26.8,45.0,12.9,6,0,0,0,0,0,0,2,0,0.1,264,0,6
Sobhi,HUD,MID,48,2.3,1.0,2.0,0.5,1,0,0,0,0,0,0,0,0,0.1,6,0,1
Sokratis,ARS,DEF,53,12.1,92.2,6.0,11.1,9,0,0,0,0,0,0,3,0,1.5,488,0,5
Solanke,LIV,FWD,48,0.0,0.0,0.0,0.0,0,0,0,0,0,0,0,0,0,0.3,0,0,0
Son,TOT,MID,83,18.4,18.4,33.0,7.0,0,0,0,0,0,0,0,0,0,1.7,94,0,5
Souare,CRY,DEF,43,0.1,1.0,0.0,0.1,0,0,0,0,0,0,0,0,0,0.1,1,0,1
Speroni,CRY,GKP,40,0.0,0.0,0.0,0.0,0,0,0,0,0,0,0,0,0,11.0,0,0,0
Stanislas,BOU,MID,60,27.1,7.8,11.0,4.6,2,0,0,0,0,0,0,0,0,0.0,22,0,1
Stankovic,HUD,DEF,40,0.3,49.6,34.0,8.4,6,1,0,0,0,0,0,0,0,3.2,90,0,5
Steele,BHA,GKP,40,0.0,0.0,0.0,0.0,0,0,0,0,0,0,0,0,0,1.5,0,0,0
Stekelenburg,EVE,GKP,40,0.0,0.0,0.0,0.0,0,0,0,0,0,0,0,0,0,4.0,0,0,0
Stephens,BHA,MID,44,30.2,92.2,9.0,13.2,9,0,0,0,0,0,0,3,0,6.4,470,0,8
Stephens,SOU,DEF,44,22.2,44.6,33.0,10.0,2,0,0,0,0,0,0,1,0,0.2,180,0,6
Sterling,MCI,MID,110,158.3,172.8,266.0,59.8,2,3,1,0,0,0,0,1,0,3.4,423,3,33
Sterry,NEW,DEF,40,0.0,0.0,0.0,0.0,0,0,0,0,0,0,0,0,0,0.1,0,0,0
Steve Cook,BOU,DEF,46,13.2,198.2,58.0,26.9,11,1,1,0,0,0,0,0,0,9.3,540,3,23
Stones,MCI,DEF,54,32.3,54.4,8.0,9.5,2,0,0,0,0,0,0,0,0,7.0,286,2,13
Sturridge,LIV,FWD,58,3.7,36.0,68.0,10.7,1,1,0,0,0,0,0,0,0,1.0,21,0,8
Success,WAT,FWD,45,27.1,9.4,46.0,8.2,0,0,0,0,0,0,0,1,0,1.6,50,0,5
Surman,BOU,MID,48,43.9,45.0,15.0,10.4,7,0,0,0,0,0,0,0,0,0.2,345,0,9
Suttner,BHA,DEF,39,0.0,0.0,0.0,0.0,0,0,0,0,0,0,0,0,0,5.5,0,0,0
Sanchez,TOT,DEF,59,12.3,74.0,21.0,10.7,4,0,1,0,0,0,0,0,0,1.8,242,0,8
Sanchez,MUN,MID,101,142.9,72.6,136.0,35.2,4,0,2,0,0,0,0,1,0,2.0,330,0,15
Soyuncu,LEI,DEF,50,0.0,0.0,0.0,0.0,0,0,0,0,0,0,0,0,0,0.0,0,0,0
Sorloth,CRY,FWD,49,23.3,5.0,16.0,4.3,2,0,0,0,0,0,0,0,0,0.2,65,0,5
Targett,SOU,DEF,43,50.6,31.4,4.0,8.6,3,0,1,0,0,0,0,0,0,0.1,71,0,4
Tarkowski,BUR,DEF,50,15.0,265.8,88.0,36.9,10,2,0,0,0,0,0,1,0,9.3,540,1,28
Taylor,BUR,DEF,44,64.4,73.2,11.0,14.9,6,0,0,0,0,0,0,1,0,0.3,360,0,11
Tomkins,CRY,DEF,44,1.7,77.2,25.0,10.4,2,0,0,0,0,0,0,1,0,4.2,360,0,18
Torreira,ARS,MID,49,36.9,62.8,11.0,11.1,2,0,1,0,0,0,0,1,0,1.3,254,0,10
Tosun,EVE,FWD,68,50.3,58.4,124.0,22.9,9,0,2,0,0,0,0,1,0,3.1,413,0,16
Townsend,CRY,MID,58,139.7,96.0,112.0,34.9,4,0,0,0,0,0,0,0,0,1.4,506,0,15
Traore,WOL,MID,55,93.4,88.4,82.0,26.4,0,1,0,0,0,0,0,0,0,0.6,130,2,12
Trippier,TOT,DEF,61,158.4,120.8,43.0,32.2,6,1,2,0,0,0,0,1,0,28.0,435,5,28
Valencia,MUN,DEF,65,96.1,52.0,3.0,15.1,5,0,0,0,0,0,0,2,0,0.8,360,1,10
Vardy,LEI,FWD,89,44.0,97.0,158.0,29.7,6,2,1,0,0,0,0,0,1,4.2,265,3,18
Vertonghen,TOT,DEF,60,32.4,184.8,55.0,27.2,7,1,0,0,0,0,0,0,0,9.5,540,3,23
Vestergaard,SOU,DEF,49,16.1,114.8,14.0,14.5,7,0,0,0,0,0,0,1,0,0.4,450,0,14
Vietto,FUL,FWD,55,143.8,84.4,78.0,30.6,8,0,3,0,0,0,0,0,0,0.8,340,3,21
Vinagre,WOL,DEF,44,15.7,7.2,0.0,2.2,0,0,0,0,0,0,0,0,0,0.1,22,0,3
Vlasic,EVE,MID,50,0.0,0.0,0.0,0.0,0,0,0,0,0,0,0,0,0,0.0,0,0,0
Vokes,BUR,FWD,53,50.5,16.0,99.0,16.2,2,0,0,0,0,0,0,0,0,0.6,230,0,8
Vorm,TOT,GKP,49,0.0,66.8,0.0,6.6,4,0,0,0,0,0,9,0,0,0.2,180,1,5
Vydra,BUR,FWD,59,14.9,36.4,47.0,9.8,1,1,0,0,0,0,0,0,0,0.1,99,0,7
Walcott,EVE,MID,66,98.9,127.6,120.0,34.7,11,2,1,0,0,0,0,0,0,8.3,467,3,27
Walker,MCI,DEF,66,40.1,96.6,36.0,17.3,2,1,0,0,0,0,0,0,0,14.2,450,3,31
Walker-Peters,TOT,DEF,43,0.0,0.0,0.0,0.0,0,0,0,0,0,0,0,0,0,0.3,0,0,0
Walters,BUR,MID,48,0.0,0.0,0.0,0.0,0,0,0,0,0,0,0,0,0,0.0,0,0,0
Wan-Bissaka,CRY,DEF,43,80.8,147.4,24.0,25.3,4,0,1,0,0,0,0,1,1,28.8,434,9,28
Wanyama,TOT,MID,49,0.3,0.0,0.0,0.0,0,0,0,0,0,0,0,0,0,0.0,7,0,1
Ward,BUR,DEF,48,17.2,48.4,19.0,8.5,6,0,0,0,0,0,0,1,0,1.2,228,0,7
Ward,LEI,GKP,44,0.0,0.0,0.0,0.0,0,0,0,0,0,0,0,0,0,0.2,0,0,0
Ward,CRY,DEF,43,3.1,29.8,4.0,3.7,3,0,0,0,0,0,0,0,0,0.3,101,0,2
Ward,CAR,MID,45,35.3,52.8,59.0,14.7,9,1,0,0,0,0,0,0,0,0.6,280,0,13
Ward-Prowse,SOU,MID,52,63.2,26.0,9.0,9.7,3,0,0,0,0,0,0,0,0,0.2,97,0,3
Welbeck,ARS,FWD,65,12.8,41.6,58.0,11.2,1,1,0,0,0,0,0,0,0,0.7,41,3,11
Wells,BUR,FWD,45,0.0,0.0,0.0,0.0,0,0,0,0,0,0,0,0,0,1.3,0,0,0
Westwood,BUR,MID,45,83.4,85.8,48.0,21.8,9,0,1,0,0,0,0,1,0,1.8,461,0,15
Whiteman,TOT,GKP,40,0.0,0.0,0.0,0.0,0,0,0,0,0,0,0,0,0,0.0,0,0,0
Wickham,CRY,FWD,50,0.0,0.0,0.0,0.0,0,0,0,0,0,0,0,0,0,0.1,0,0,0
Wijnaldum,LIV,MID,55,56.5,95.0,134.0,28.6,2,1,0,0,0,0,0,0,0,1.0,519,2,23
Williams,EVE,DEF,45,0.0,0.0,0.0,0.0,0,0,0,0,0,0,0,0,0,0.1,0,0,0
Williams,HUD,MID,45,0.0,0.0,0.0,0.0,0,0,0,0,0,0,0,0,0,0.0,0,0,0
Willian,CHE,MID,74,237.8,115.8,113.0,46.7,3,1,2,0,0,0,0,0,0,6.1,332,1,25
Wilshere,WHU,MID,49,33.5,46.2,11.0,9.0,9,0,0,0,0,0,0,2,0,1.8,333,0,7
Wilson,BOU,FWD,63,103.9,124.2,226.0,45.1,9,2,4,0,1,0,0,1,0,18.6,517,1,30
Winks,TOT,MID,55,4.0,6.6,2.0,1.2,2,0,0,0,0,0,0,0,0,0.0,78,0,5
Wood,BUR,FWD,63,19.3,8.2,79.0,10.4,8,0,0,0,0,0,0,0,0,0.3,334,0,10
Xhaka,ARS,MID,53,103.5,125.2,24.0,25.3,8,1,1,0,0,0,0,3,0,3.2,474,2,19
Yarmolenko,WHU,MID,68,62.2,78.6,69.0,20.9,4,2,0,0,0,0,0,2,0,1.0,277,2,19
Yedlin,NEW,DEF,45,47.9,110.2,20.0,17.8,8,1,1,1,0,0,0,1,0,1.1,450,0,16
Yoshida,SOU,DEF,43,0.0,0.0,0.0,0.0,0,0,0,0,0,0,0,0,0,0.7,0,0,0
Young,MUN,DEF,58,65.1,35.8,2.0,10.3,4,0,1,0,0,0,0,0,0,1.2,180,0,6
Zabaleta,WHU,DEF,43,20.0,58.2,10.0,8.8,3,0,0,0,0,0,0,2,0,1.9,270,1,8
Zaha,CRY,FWD,70,75.3,137.4,206.0,42.0,4,3,0,0,0,0,0,3,0,24.9,450,2,21
Zambo Anguissa,FUL,MID,45,34.6,48.0,17.0,9.9,4,0,0,0,0,0,0,0,0,0.1,235,0,7
Zanka,HUD,DEF,45,13.9,102.2,23.0,14.0,8,1,0,0,0,0,0,2,0,4.4,437,0,16
Zappacosta,CHE,DEF,52,0.4,1.0,21.0,2.2,0,0,0,0,0,0,0,0,0,0.2,6,0,1
Zeegelaar,WAT,DEF,43,0.0,0.0,0.0,0.0,0,0,0,0,0,0,0,0,0,0.1,0,0,0
Zinchenko,MCI,MID,48,0.0,0.0,0.0,0.0,0,0,0,0,0,0,0,0,0,0.0,0,0,0
Zohore,CAR,FWD,48,54.9,13.4,56.0,12.4,2,0,0,0,0,0,0,0,0,0.4,181,0,5
Zouma,EVE,DEF,50,2.7,46.8,5.0,5.5,6,0,0,0,0,0,0,0,0,0.1,271,0,5
van Aanholt,CRY,DEF,55,58.8,93.6,105.0,25.6,6,0,1,0,0,0,0,1,0,4.7,540,2,25
van Dijk,LIV,DEF,60,8.7,118.0,14.0,14.1,2,0,0,0,0,0,0,1,0,15.8,504,2,24
van La Parra,HUD,MID,49,34.8,21.0,34.0,8.9,5,0,0,0,0,0,0,0,0,0.0,347,0,9
Ozil,ARS,MID,83,122.9,82.2,55.0,26.0,7,1,0,0,0,0,0,0,0,3.0,420,3,19
